bottle_id,bottle_size,bottle_serving_size,bottle_purchase_price,bottle_purchase_date,bottle_open_date,bottle_finished,bottle_finish_date,bottle_amount_remaining,bottle_notes,product_id,product_name,product_vintage,product_varietal,product_region,brand_id,brand_name,brand_type,shelf_item_id,shelf_item_order,shelf_id,shelf_name,shelf_order,shelf_capacity,shelf_temp,stash_id,stash_name,stash_location,stash_type
clwfsut9d000qkw0c9lbd2jjt,25,9,65,2016-05-01,,false,,100,Bought this so long ago (id 5),clwfsu7tx000okw0ctdzl8yss,El Sabio Freston,2013,GSM,,cluoiymbn0009lb08bcrwtgod,Tooth and Nail,WINE,clwfsvbfo000ukw0cob8ebt5x,5,clsv8eccw000bsmegpapvvzst,Shelf 1,,7,55,clsv8bvc70006smege3t2v1x8,Grant's Left Fridge,Home,fridge
clwfsy9it000zkw0c92nkmdh1,25,9,100,2024-02-01,,false,,100,Given as a gift from Shannon (id 6),clwfsxlxz000xkw0ck9lvxvhl,Cabernet Sauvignon,2019,Cabernet Sauvignon,,clwfsx0ou000vkw0c60fm2b3p,Silver Oak,WINE,cm23l5qiy001bia0cxdqvtg1x,1,clsv8eccy000hsmegjlvi7bi2,Shelf 2,2,7,55,clsv8bvc80008smegu9f57vkh,Grant's Right Fridge,Home,fridge
clwfszye90013kw0cfz29s9ul,25,9,60,2020-01-01,,false,,100,Wine from wine club back in the day. Artist Series. (id 7),clwfsz8q90011kw0cw0szvkok,Duetto,2013,Cabernet Sauvignon and Cabernet Franc,,clt4hnweo0000l508otasg2ox,Wente,WINE,clwft0pvq0001lc0dzeyfuhde,7,clsv8eccw000bsmegpapvvzst,Shelf 1,,7,55,clsv8bvc70006smege3t2v1x8,Grant's Left Fridge,Home,fridge
clwftfs0w0005lc0dhi5zvvzh,25,9,100,2024-02-01,,false,,100,Given as a gift from Shannon (id 8),clwftf3dc0003lc0dn3qsmtkg,Cabernet Sauvignon,2018,Cabernet Sauvignon,,clwfsx0ou000vkw0c60fm2b3p,Silver Oak,WINE,clwftjgvx000flc0d4dnme0pr,1,clsv8eccx000dsmegi1q89ibj,Shelf 2,,7,55,clsv8bvc70006smege3t2v1x8,Grant's Left Fridge,Home,fridge
clwfthov20009lc0dpgtnrmf8,25,9,70,2020-01-01,,false,,100,This was a favorite of mine. Awesome label. (id 9),clwftgz070007lc0ddtzmqvz4,El Valiente,2015,Tannat Cabernet Sauvignon Cabernet Franc,,cluoiymbn0009lb08bcrwtgod,Tooth and Nail,WINE,clwftjms8000hlc0d618co04k,2,clsv8eccx000dsmegi1q89ibj,Shelf 2,,7,55,clsv8bvc70006smege3t2v1x8,Grant's Left Fridge,Home,fridge
clwftit1t000dlc0devqjvnrk,25,9,50,2023-02-01,,false,,100,Club Membership Bottle (id 10),clwfti7xn000blc0dtk24mmv5,Souled Out Syrah,2017,Syrah,,clsv8gx2o000xsmeg8vem10y9,Levo,WINE,,,,,,,,,,,
clwftn5qz000nlc0dpvra43lr,25,9,80,2021-01-01,,false,,100,Their club only wine (id 11),clwftmgw5000llc0d64ysq2mn,Les Demoiselles,2017,Red Blend,,clt3zniud0000l608ldoun4d2,L’Aventure,WINE,clwftq4pg000ulc0duos5hcp8,4,clsv8eccx000dsmegi1q89ibj,Shelf 2,,7,55,clsv8bvc70006smege3t2v1x8,Grant's Left Fridge,Home,fridge
clwfsm8mp0001kw0c6rzrhyd8,25,9,40,2020-01-01,,false,,100,Bought this back when I lived in Livermore (id 1),clt4ho60c0002l508ief398ep,Cabernet Franc,2016,Cabernet Franc,,clt4hnweo0000l508otasg2ox,Wente,WINE,clwfsqury000dkw0c5ib02ukf,1,clsv8eccw000bsmegpapvvzst,Shelf 1,,7,55,clsv8bvc70006smege3t2v1x8,Grant's Left Fridge,Home,fridge
clwfspone0007kw0clad6yfg7,25,9,40,2020-01-01,,false,,100,This was the originally awesome cab franc (id 3),clwfsoywi0005kw0c6zn2wmw1,Cabernet Franc,2014,Cabernet Franc,,clt4hnweo0000l508otasg2ox,Wente,WINE,clwfsr3c5000hkw0c77zavdlm,3,clsv8eccw000bsmegpapvvzst,Shelf 1,,7,55,clsv8bvc70006smege3t2v1x8,Grant's Left Fridge,Home,fridge
clwftoqd6000slc0dr5fmcb8a,25,9,30,2020-01-01,,false,,100,Bought this wine in Tahoe because it had my name on it (id 12),clwfto44r000qlc0dlhff9gc5,Cabernet Sauvignon,2011,Cabernet Sauvignon,,clwftnopz000olc0da1emuwo5,Grant Marie,WINE,clwftq9t5000wlc0dctpz3hy3,5,clsv8eccx000dsmegi1q89ibj,Shelf 2,,7,55,clsv8bvc70006smege3t2v1x8,Grant's Left Fridge,Home,fridge
clwfttota0011lc0dvsyuwp4h,25,9,105,2018-01-01,,false,,100,This one is sacred for Tablas Creek. (id 13),clwftsu9f000zlc0dlo837jzi,Panoplie,2014,Mouvedre Cuvee,,clwftrowl000xlc0dx79e6bmy,Tablas Creek,WINE,clwftty8i0013lc0dxjzw6n0z,6,clsv8eccx000dsmegi1q89ibj,Shelf 2,,7,55,clsv8bvc70006smege3t2v1x8,Grant's Left Fridge,Home,fridge
clwftveqs0017lc0d4cezoggh,25,9,110,2020-01-01,,false,,100,(id 14),clwftuvc30015lc0dus4wnuhi,Cote a Cote,2017,GSM,,clt3zniud0000l608ldoun4d2,L’Aventure,WINE,clwftvo550019lc0dwob7tvdn,7,clsv8eccx000dsmegi1q89ibj,Shelf 2,,7,55,clsv8bvc70006smege3t2v1x8,Grant's Left Fridge,Home,fridge
clwfw8mf00003ld0ck6qmd3d7,25,9,50,2021-05-01,,false,,100,Club wine (id 15),clwfw7uh40001ld0ca7yn7lvy,Fasten Your Seatbelt Syrah,2021,Syrah,,clsv8gx2o000xsmeg8vem10y9,Levo,WINE,,,,,,,,,,,
cm0jrqpmp0011js0cml3gb0w6,25,9,0,2024-09-01,,false,,100,Gift,cm0jrqg7g000zjs0cn7jhy9zn,Cabernet Sauvignon,2018,Cabernet Sauvignon,,cm0jrpx4f000xjs0cuhrca0pc,Wind & Grace,WINE,cm0jrr5o90015js0c0c3sibtq,2,clsv8eccy000hsmegjlvi7bi2,Shelf 2,2,7,55,clsv8bvc80008smegu9f57vkh,Grant's Right Fridge,Home,fridge
clwfstfvh000mkw0cvq4q8tfx,25,9,30,2016-05-01,,false,,98,Bought this back in college (id 4),clwfssrd7000kkw0czwdh5uwv,Cujo,2013,Red Blend,,clwfssc9n000ikw0cduc9w0gp,Dover Canyon,WINE,clwfsv63t000skw0cxfhzahr0,4,clsv8eccw000bsmegpapvvzst,Shelf 1,,7,55,clsv8bvc70006smege3t2v1x8,Grant's Left Fridge,Home,fridge
cm0jraiit0004kz0cghkyggnz,25,9,0,2024-09-01,,false,,100,Gift,cm0jra2bs0002kz0cd7lbrmaz,Cadillac Cotes De Bordeaux,2019,GSM,,cm0jr94740000kz0c6m0sa82j,Chateau du Grand Bern,WINE,cm23lh1ar0021ia0cjdg9iqvt,1,cm23lgtlf001xia0c3tjaiwkg,One Shelf,0,20,70,cm23lgfv1001via0cvqr8o82a,Box Overflow,Kitchen,box
cm0jrc5a6000akz0crj2daqsf,25,9,60,2024-09-01,,false,,100,,cm0jrbw260008kz0c80iye7td,Optimus,2021,GSM,,clt3zniud0000l608ldoun4d2,L’Aventure,WINE,cm0jri75y0009js0cjil8522v,1,clsv8eccx000fsmeg2zjpprvg,Shelf 1,,7,0,clsv8bvc80008smegu9f57vkh,Grant's Right Fridge,Home,fridge
cm0jrdc3d000fkz0clh3gqcjr,25,9,30,2024-09-01,,false,,100,,cm0jrd1l3000dkz0czqzqztdr,Reserve Chardonnay,2021,Chardonnay,,cm0jrceto000bkz0cbvbzhml5,Sextant,WINE,cm2trtbqa0001l40ce4ckad90,1,clt4jlg7g000cl9086zsrl4np,Shelf 5,5,7,55,clsv8bvc80008smegu9f57vkh,Grant's Right Fridge,Home,fridge
cm0jre1ev000jkz0c2nrvw883,25,9,90,2024-09-01,,false,,100,,cm0jrdsyz000hkz0cophebcdu,Sibling,2021,GSM,,clt3zniud0000l608ldoun4d2,L’Aventure,WINE,cm0jrinl1000fjs0cjlz2fk7f,4,clsv8eccx000fsmeg2zjpprvg,Shelf 1,,7,0,clsv8bvc80008smegu9f57vkh,Grant's Right Fridge,Home,fridge
cm0jrhvwi0007js0cqrpww8ny,25,9,55,2024-09-01,,false,,100,,cluo6gdes0003k008ckn9dbta,Warm Regards,2022,Syrah,,clsv8gx2o000xsmeg8vem10y9,Levo,WINE,cm0jrri5r0019js0cj3dkual6,4,clsv8eccy000hsmegjlvi7bi2,Shelf 2,2,7,55,clsv8bvc80008smegu9f57vkh,Grant's Right Fridge,Home,fridge
cm0jrk2mu000kjs0c421pj7dx,25,9,100,2024-09-01,,false,,100,Gift ,cm0jrjma5000ijs0c00n14zu0,Cabernet Sauvignon,2021,Cabernet Sauvignon,,cm0jrj30t000gjs0c0a0pvxnx,Sinegal,WINE,,,,,,,,,,,
cm0jrt6k7001djs0c8u26htow,25,9,70,2024-09-01,,false,,100,,cm0jrmoud000mjs0cjtiigaqh,Isosceles,2021,Cab Sauv Cab Franc Merlot,,clsv8gx2n000tsmegznwxqvlw,Justin,WINE,cm0jrtdi6001fjs0cj4sidhcc,1,clsv8eccy000hsmegjlvi7bi2,Shelf 2,2,7,55,clsv8bvc80008smegu9f57vkh,Grant's Right Fridge,Home,fridge
cm0jrxr880005js0dam5gjd8a,25,9,50,2024-09-01,,false,,100,,clwfw7uh40001ld0ca7yn7lvy,Fasten Your Seatbelt Syrah,2021,Syrah,,clsv8gx2o000xsmeg8vem10y9,Levo,WINE,cm0js0k6c000jjs0d31fx0uqu,2,clt4jl4ji0008l908cjgvn6wa,Shelf 3,3,7,55,clsv8bvc80008smegu9f57vkh,Grant's Right Fridge,Home,fridge
cm0jrz67s000ajs0d30a58knv,25,9,0,2024-09-01,,false,,100,,cm0jryywo0008js0d9ci258p5,Cab Canyon,2020,Cabernet Sauvignon,,cm0jry5yd0006js0d83n1hgsm,Everhart Cellars,WINE,cm23lh7ow0025ia0c2a5mtbhf,1,cm23lgtlf001xia0c3tjaiwkg,One Shelf,0,20,70,cm23lgfv1001via0cvqr8o82a,Box Overflow,Kitchen,box
cm0js08a7000fjs0d76r8ffbj,25,9,120,2024-09-01,,false,,100,Magnum,cm0jrzypx000djs0djnd7bevd,Mourvedre,2013,Mourvedre,,cm0jrzhkw000bjs0dndbrasws,Austin Hope,WINE,cm0js0ocx000ljs0dysox5gmy,3,clt4jl4ji0008l908cjgvn6wa,Shelf 3,3,7,55,clsv8bvc80008smegu9f57vkh,Grant's Right Fridge,Home,fridge
cm0js9vl1000tjs0df095xcm9,25,9,110,2024-09-01,,false,,100,,cm0js9kzh000rjs0d8uk6vek5,Estate Cuvee,2020,GSM,,clt3zniud0000l608ldoun4d2,L’Aventure,WINE,cm0jseqva001gjs0d59zzsizd,1,clt4jl9q7000al908ctwdrx9k,Shelf 4,4,7,55,clsv8bvc80008smegu9f57vkh,Grant's Right Fridge,Home,fridge
cm0jsal3b000xjs0d8j7kcnpu,25,9,100,2024-09-01,,false,,100,,cm0jsadbi000vjs0dvytv3ny3,Cote a Cote,2020,GSM,,clt3zniud0000l608ldoun4d2,L’Aventure,WINE,cm0jsevfo001ijs0ds0mpd97a,2,clt4jl9q7000al908ctwdrx9k,Shelf 4,4,7,55,clsv8bvc80008smegu9f57vkh,Grant's Right Fridge,Home,fridge
cm0jsavwu000zjs0dlnqgsc09,25,9,110,2024-09-01,,false,,100,,cm0js9kzh000rjs0d8uk6vek5,Estate Cuvee,2020,GSM,,clt3zniud0000l608ldoun4d2,L’Aventure,WINE,cm0jsezx7001kjs0dteokqula,3,clt4jl9q7000al908ctwdrx9k,Shelf 4,4,7,55,clsv8bvc80008smegu9f57vkh,Grant's Right Fridge,Home,fridge
cm0jsbqjn0013js0dw6geyy8w,25,9,90,2024-09-01,,false,,100,,cm0jsbj680011js0dy88izwcx,Cabernet Sauvignon Reserve,2020,Cabernet Sauvignon,,clt3zniud0000l608ldoun4d2,L’Aventure,WINE,cm0jsf4v8001mjs0dtv1dha4q,4,clt4jl9q7000al908ctwdrx9k,Shelf 4,4,7,55,clsv8bvc80008smegu9f57vkh,Grant's Right Fridge,Home,fridge
cm0jrnr7t000sjs0cbm1rhw6p,25,9,30,2024-09-01,,true,2024-10-13,100,,cm0jrnjdv000qjs0c6n3rb0uu,Grenache Blanc,2023,Grenache Blanc,,cm0jrceto000bkz0cbvbzhml5,Sextant,WINE,,,,,,,,,,,
cm0jsd5va0017js0dthmjxja9,25,9,45,2024-09-01,,true,2024-10-19,100,,cm0jsclpn0015js0ddckzmxxy,Cabernet Sauvignon Pine Mountain,2019,Cabernet Sauvignon,,clsv8gx2o000zsmegybcsya0b,Carruth,WINE,,,,,,,,,,,
clwfsnl700003kw0cjyylu5p4,25,9,65,2020-01-01,,true,2024-11-06,100,Bought this when I was a club member at Tooth and Nail (id 2),cluoj455e000blb084999gnay,El Sabio Freston,2016,GSM,,cluoiymbn0009lb08bcrwtgod,Tooth and Nail,WINE,,,,,,,,,,,
cm0jrfwd80003js0cr5lhfn9g,25,9,45,2024-09-01,,true,2025-01-06,100,,cm0jrfiz20001js0cu68t9efd,Merlot,2018,Merlot,,clsv8gx2o000zsmegybcsya0b,Carruth,WINE,,,,,,,,,,,
cm0jrokvw000wjs0czk30q3cj,25,9,40,2024-09-01,,true,2025-01-21,100,,cm0jro8p3000ujs0ci9xkazmr,Syrah,2021,Syrah,,clwftrowl000xlc0dx79e6bmy,Tablas Creek,WINE,,,,,,,,,,,
cm0jrx7pc0003js0dav2xe8oq,25,9,60,2024-09-01,,true,2025-04-06,100,,cm0jrwv8x0001js0dusc6g8l2,Spot,2021,Syrah,,clsv8gx2o000xsmeg8vem10y9,Levo,WINE,,,,,,,,,,,
cm0jsdqa80019js0dt1s5ah4t,25,9,75,2024-09-01,,false,,100,,cm0jrmoud000mjs0cjtiigaqh,Isosceles,2021,Cab Sauv Cab Franc Merlot,,clsv8gx2n000tsmegznwxqvlw,Justin,WINE,cm0jsfed0001qjs0dc8ylnn60,6,clt4jl9q7000al908ctwdrx9k,Shelf 4,4,7,55,clsv8bvc80008smegu9f57vkh,Grant's Right Fridge,Home,fridge
cm0jsedsd001ejs0dpi3w1y5g,25,9,0,2024-09-01,,false,,100,Gift,cm0jse8rs001cjs0dsaleqiz0,Cabernet Sauvignon,2022,Cabernet Sauvignon,,cm0jsdwsp001ajs0d1n021q67,Icon Rock,WINE,cm23lhhbm002bia0cjxukt6fk,1,cm23lgtlf001xia0c3tjaiwkg,One Shelf,0,20,70,cm23lgfv1001via0cvqr8o82a,Box Overflow,Kitchen,box
cm0jspe5g001xjs0des78xpsn,25,9,0,2017-07-20,,false,,100,,cm0jsov9o001vjs0dgk0gljtf,Cabernet Franc,2016,Cabernet Franc,,cm0jso7tf001tjs0dcjj4onic,Field Recordings,WINE,cm0jssj1b002djs0dzh92dm2y,1,clt4jlg7g000cl9086zsrl4np,Shelf 5,5,7,55,clsv8bvc80008smegu9f57vkh,Grant's Right Fridge,Home,fridge
cm0jsqbg90021js0dqesp28y6,25,9,100,2024-09-01,,false,,100,,clt3zo6qq0005l608c1a0eh3f,Cote a Cote,2019,GSM,,clt3zniud0000l608ldoun4d2,L’Aventure,WINE,cm0jssnev002fjs0dpua6hb1y,2,clt4jlg7g000cl9086zsrl4np,Shelf 5,5,7,55,clsv8bvc80008smegu9f57vkh,Grant's Right Fridge,Home,fridge
cm0jsqjlj0023js0dqiqo67ru,25,9,100,2024-09-01,,false,,100,,cm0jsq53m001zjs0dqgbn7u6r,Cote a Cote,2021,GSM,,clt3zniud0000l608ldoun4d2,L’Aventure,WINE,cm0jssrof002hjs0doq7ily4h,3,clt4jlg7g000cl9086zsrl4np,Shelf 5,5,7,55,clsv8bvc80008smegu9f57vkh,Grant's Right Fridge,Home,fridge
cm0jsr2gx0027js0den57q2wp,25,9,30,2024-09-01,,false,,100,,cm0jsqy9y0025js0d4yn5q12s,Tannat,2020,Tannat,,clwftrowl000xlc0dx79e6bmy,Tablas Creek,WINE,,,,,,,,,,,
cm0jsriav0029js0dc2c1vkjp,25,9,110,2024-09-01,,false,,100,,clt4jjypr0005l908i0qjj6mi,Estate Cuvee,2021,Bordeaux Blend,,clt3zniud0000l608ldoun4d2,L’Aventure,WINE,cm0jst0zj002ljs0do7e7n0u1,5,clt4jlg7g000cl9086zsrl4np,Shelf 5,5,7,55,clsv8bvc80008smegu9f57vkh,Grant's Right Fridge,Home,fridge
cm0jss8di002bjs0dnflwxq12,25,9,55,2024-09-01,,false,,100,,cluo6fy4t0001k008h2wnu8lb,Warm Regards,2022,Red Blend,,clsv8gx2o000xsmeg8vem10y9,Levo,WINE,cm0jst58n002njs0d556l6qrl,6,clt4jlg7g000cl9086zsrl4np,Shelf 5,5,7,55,clsv8bvc80008smegu9f57vkh,Grant's Right Fridge,Home,fridge
cm0jstiqw002pjs0dauay010u,25,9,110,2024-09-01,,false,,100,,clt4jjypr0005l908i0qjj6mi,Estate Cuvee,2021,Bordeaux Blend,,clt3zniud0000l608ldoun4d2,L’Aventure,WINE,cm0jsui0h002vjs0d5gq7675p,1,clt4jlm0c000el908pzqzln0b,Shelf 6,6,5,55,clsv8bvc80008smegu9f57vkh,Grant's Right Fridge,Home,fridge
cm0jsucba002tjs0dxvf3pb6c,25,9,80,2024-09-01,,false,,100,,cm0jsu6xh002rjs0dlcwbv2vv,Isosceles,2020,Cab Sauv Cab Franc Merlot,,clsv8gx2n000tsmegznwxqvlw,Justin,WINE,cm0jsulwr002xjs0d8n5a13if,2,clt4jlm0c000el908pzqzln0b,Shelf 6,6,5,55,clsv8bvc80008smegu9f57vkh,Grant's Right Fridge,Home,fridge
cm0jsvd8b0031js0dvel73xjc,25,9,0,2024-09-01,,false,,100,,cm0jsv71k002zjs0dv9e4jy7c,Happy Zin,2016,Zinfandel,,cm0jry5yd0006js0d83n1hgsm,Everhart Cellars,WINE,cm23lhjxn002dia0cxeliip4k,1,cm23lgtlf001xia0c3tjaiwkg,One Shelf,0,20,70,cm23lgfv1001via0cvqr8o82a,Box Overflow,Kitchen,box
cm0jsvno30033js0dp5wc6y17,25,9,50,2024-09-01,,false,,100,,clsv8it7i0013smegkftf126l,Justification,2021,Red Blend,,clsv8gx2n000tsmegznwxqvlw,Justin,WINE,cm0jsxhts003djs0dg8ooqb0f,2,clt4jlqle000gl908nk0f1fcb,Shelf 7,7,5,55,clsv8bvc80008smegu9f57vkh,Grant's Right Fridge,Home,fridge
cm0jswlc60035js0dpp4m5avf,25,9,100,2024-09-01,,false,,100,,cm0jsq53m001zjs0dqgbn7u6r,Cote a Cote,2021,GSM,,clt3zniud0000l608ldoun4d2,L’Aventure,WINE,,,,,,,,,,,
cm0jsx4hg0039js0dozacjcqy,25,9,60,2024-09-01,,false,,100,,cm0jswysj0037js0d0j75f3pn,Optimus,2020,Red Wine,,clt3zniud0000l608ldoun4d2,L’Aventure,WINE,,,,,,,,,,,
cm0jt2lym003qjs0dnll6hup6,25,9,200,2024-09-01,,false,,100,,cm0jt1ene003kjs0dryvli7v9,Lineage,2017,Bordeaux Blend,,cm0jt0kmj003ijs0doqemt6z9,Steven Kent,WINE,cm0jt52ie0049js0daj5fbeqm,2,clt3fzs210001l509f1sbo0rc,Shelf 3,3,6,55,clsv8bvc70006smege3t2v1x8,Grant's Left Fridge,Home,fridge
cm0jt2t78003sjs0djhfyptgo,25,9,200,2024-09-01,,false,,100,,cm0jt1qo8003mjs0du9fo06b3,Lineage,2018,Bordeaux Blend,,cm0jt0kmj003ijs0doqemt6z9,Steven Kent,WINE,cm0jt4yrt0047js0dvinlykfm,2,clt3fzs210001l509f1sbo0rc,Shelf 3,3,6,55,clsv8bvc70006smege3t2v1x8,Grant's Left Fridge,Home,fridge
cm0jt2wad003ujs0d4ki51i48,25,9,200,2024-09-01,,false,,100,,cm0jt1qo8003mjs0du9fo06b3,Lineage,2018,Bordeaux Blend,,cm0jt0kmj003ijs0doqemt6z9,Steven Kent,WINE,cm0jt576x004bjs0d9fzvfutc,4,clt3fzs210001l509f1sbo0rc,Shelf 3,3,6,55,clsv8bvc70006smege3t2v1x8,Grant's Left Fridge,Home,fridge
cm0jt3m6o003zjs0dl339u5kf,25,9,100,2024-09-01,,false,,100,,cm0jt3ijc003xjs0du8qwcmg6,Primera,2016,Pinot Noir,,cm0jt32xa003vjs0dxmycvtio,Tolosa,WINE,cm0jt5bwa004djs0d8rn8z5p2,6,clt3fzs210001l509f1sbo0rc,Shelf 3,3,6,55,clsv8bvc70006smege3t2v1x8,Grant's Left Fridge,Home,fridge
cm0jt4iz70043js0d203snxiq,25,9,50,2024-09-01,,false,,100,,cm0jt4cnf0041js0dm8115f6l,Justification,2020,Red Blend,,clsv8gx2n000tsmegznwxqvlw,Justin,WINE,cm0jt5hjh004fjs0dhkl2fe2z,7,clt3fzs210001l509f1sbo0rc,Shelf 3,3,6,55,clsv8bvc70006smege3t2v1x8,Grant's Left Fridge,Home,fridge
cm0jtkm8t005bjs0d0o9uf907,25,9,80,2024-09-01,,false,,100,,cm0jsu6xh002rjs0dlcwbv2vv,Isosceles,2020,Cab Sauv Cab Franc Merlot,,clsv8gx2n000tsmegznwxqvlw,Justin,WINE,cm0jtm8cg005njs0drou72bnm,1,cluoirdfe0001lb08yghk6kec,Shelf 4,4,7,55,clsv8bvc70006smege3t2v1x8,Grant's Left Fridge,Home,fridge
cm0jtlb6a005djs0d1kksoirn,25,9,80,2024-09-01,,false,,100,,cm0jte0eb004hjs0d5b5mpjwm,Isosceles,2013,Cab Sauv Cab Franc Merlot,,clsv8gx2n000tsmegznwxqvlw,Justin,WINE,cm0jtmc1z005pjs0d4u7etaw6,2,cluoirdfe0001lb08yghk6kec,Shelf 4,4,7,55,clsv8bvc70006smege3t2v1x8,Grant's Left Fridge,Home,fridge
cm0jtlgmf005fjs0dbuqyvfqo,25,9,80,2024-09-01,,false,,100,,cm0jte90k004jjs0da0gajuft,Isosceles,2014,Cab Sauv Cab Franc Merlot,,clsv8gx2n000tsmegznwxqvlw,Justin,WINE,cm0jtmfvz005rjs0dx97u2bz8,3,cluoirdfe0001lb08yghk6kec,Shelf 4,4,7,55,clsv8bvc70006smege3t2v1x8,Grant's Left Fridge,Home,fridge
cm0jtlm3w005hjs0dda66ogm8,25,9,70,2024-09-01,,false,,100,,cm0jtek57004ljs0d2ibgzoqd,Isosceles,2015,Cab Sauv Cab Franc Merlot,,clsv8gx2n000tsmegznwxqvlw,Justin,WINE,cm0jtmjqo005tjs0dc4hyzx6s,4,cluoirdfe0001lb08yghk6kec,Shelf 4,4,7,55,clsv8bvc70006smege3t2v1x8,Grant's Left Fridge,Home,fridge
cm0jtlrps005jjs0d8xdrr7d0,25,9,80,2024-09-01,,false,,100,,cm0jtesu7004njs0dr698bq76,Isosceles,2016,Cab Sauv Cab Franc Merlot,,clsv8gx2n000tsmegznwxqvlw,Justin,WINE,cm0jtmnpk005vjs0dlj6ktsif,5,cluoirdfe0001lb08yghk6kec,Shelf 4,4,7,55,clsv8bvc70006smege3t2v1x8,Grant's Left Fridge,Home,fridge
cm0jtm1z9005ljs0damc0g48m,25,9,80,2024-09-01,,false,,100,,cm0jtfa0w004pjs0d0kah5cfv,Isosceles,2017,Cab Sauv Cab Franc Merlot,,clsv8gx2n000tsmegznwxqvlw,Justin,WINE,cm0jtmrs4005xjs0drd8zn0bw,6,cluoirdfe0001lb08yghk6kec,Shelf 4,4,7,55,clsv8bvc70006smege3t2v1x8,Grant's Left Fridge,Home,fridge
cm0jtnuua0061js0difrnuesc,25,9,70,2024-09-01,,false,,100,,cm0jtnpks005zjs0d3uoplfps,Isosceles,2012,Cab Sauv Cab Franc Merlot,,clsv8gx2n000tsmegznwxqvlw,Justin,WINE,cm0jto3u40063js0dp9b7q44d,7,cluoirdfe0001lb08yghk6kec,Shelf 4,4,7,55,clsv8bvc70006smege3t2v1x8,Grant's Left Fridge,Home,fridge
cm0jtpjwk0067js0deyzzpb30,25,9,50,2024-09-01,,false,,100,,cm0jtp7ts0065js0dawvgdqkv,Justification,2012,Red Blend,,clsv8gx2n000tsmegznwxqvlw,Justin,WINE,cm0jtrmve006ljs0d4ke7g2f2,1,cluois6330003lb082bln4upi,Shelf 5,5,7,55,clsv8bvc70006smege3t2v1x8,Grant's Left Fridge,Home,fridge
cm0jtps7v0069js0d0gnoaovn,25,9,50,2024-09-01,,false,,100,,cm0jtgy1m004xjs0dpm6dp9q9,Justification,2014,Red Blend,,clsv8gx2n000tsmegznwxqvlw,Justin,WINE,cm0jtru6g006pjs0d867y003z,3,cluois6330003lb082bln4upi,Shelf 5,5,7,55,clsv8bvc70006smege3t2v1x8,Grant's Left Fridge,Home,fridge
cm0jtqi7c006bjs0d2usuc3kn,25,9,50,2024-09-01,,false,,100,,cm0jtgr6y004vjs0dpy5w4k2e,Justification,2013,Red Blend,,clsv8gx2n000tsmegznwxqvlw,Justin,WINE,cm0jtrq18006njs0dye703i8q,2,cluois6330003lb082bln4upi,Shelf 5,5,7,55,clsv8bvc70006smege3t2v1x8,Grant's Left Fridge,Home,fridge
cm0jtqrn4006djs0dmtvfgx6j,25,9,50,2024-09-01,,false,,100,,cm0jth8k2004zjs0dzeqdu2he,Justification,2015,Red Blend,,clsv8gx2n000tsmegznwxqvlw,Justin,WINE,cm0jtryye006rjs0d6ifb8mht,4,cluois6330003lb082bln4upi,Shelf 5,5,7,55,clsv8bvc70006smege3t2v1x8,Grant's Left Fridge,Home,fridge
cm0jtqyjb006fjs0dhpsp9g0o,25,9,50,2024-09-01,,false,,100,,cm0jtidqs0055js0dpoadzquz,Justification,2016,Red Blend,,clsv8gx2n000tsmegznwxqvlw,Justin,WINE,cm0jts2xl006tjs0di1ei2fqh,5,cluois6330003lb082bln4upi,Shelf 5,5,7,55,clsv8bvc70006smege3t2v1x8,Grant's Left Fridge,Home,fridge
cm0jtr969006hjs0dfiqd4kc9,25,9,50,2024-09-01,,false,,100,,cm0jthp830053js0dp5njxspe,Justification,2017,Red Blend,,clsv8gx2n000tsmegznwxqvlw,Justin,WINE,cm0jts701006vjs0d8tw1di59,6,cluois6330003lb082bln4upi,Shelf 5,5,7,55,clsv8bvc70006smege3t2v1x8,Grant's Left Fridge,Home,fridge
cm0jtrgcf006jjs0ddqv5l8y2,25,9,50,2024-09-01,,false,,100,,cm0jtiqnv0057js0d9wa9d2vy,Justification,2018,Red Blend,,clsv8gx2n000tsmegznwxqvlw,Justin,WINE,cm0jtsbab006xjs0dkagyi0c1,7,cluois6330003lb082bln4upi,Shelf 5,5,7,55,clsv8bvc70006smege3t2v1x8,Grant's Left Fridge,Home,fridge
cm0jtv0lu0079js0dpfo1kywv,25,9,110,2024-09-01,,false,,100,,cm0jtt21u006zjs0dpsswjtji,Estate Cuvee,2017,GSM,,clt3zniud0000l608ldoun4d2,L’Aventure,WINE,cm1sg0u560001le0c8lboc9kn,1,clt4jlqle000gl908nk0f1fcb,Shelf 7,7,5,55,clsv8bvc80008smegu9f57vkh,Grant's Right Fridge,Home,fridge
cm0jtvcy7007bjs0dds39h2nx,25,9,50,2024-09-01,,false,,100,,cm0jtjadf0059js0dqknd56lh,Justification,2019,Red Blend,,clsv8gx2n000tsmegznwxqvlw,Justin,WINE,cm0jtwc9d007ljs0d7t8su8p2,2,cluoisbzt0005lb08tlohzmxo,Shelf 6,6,5,55,clsv8bvc70006smege3t2v1x8,Grant's Left Fridge,Home,fridge
cm0jtvj6q007djs0dje9x2ehw,25,9,70,2024-09-01,,false,,100,,cm0jtg2ej004tjs0dxe1ebm6w,Isosceles,2019,Cab Sauv Cab Franc Merlot,,clsv8gx2n000tsmegznwxqvlw,Justin,WINE,cm0jtwezh007njs0dzt2jp3wi,1,cluoisbzt0005lb08tlohzmxo,Shelf 6,6,5,55,clsv8bvc70006smege3t2v1x8,Grant's Left Fridge,Home,fridge
cm0jtvvdh007fjs0dbuu3548b,25,9,80,2024-09-01,,false,,100,,cm0jtfs5x004rjs0d3kzbewgy,Isosceles,2018,Cab Sauv Cab Franc Merlot,,clsv8gx2n000tsmegznwxqvlw,Justin,WINE,cm0jtwios007pjs0dmcw8iwbt,4,cluoisbzt0005lb08tlohzmxo,Shelf 6,6,5,55,clsv8bvc70006smege3t2v1x8,Grant's Left Fridge,Home,fridge
cm0jtw1lh007hjs0dmgjx0fb0,25,9,80,2024-09-01,,false,,100,,cm0jtfa0w004pjs0d0kah5cfv,Isosceles,2017,Cab Sauv Cab Franc Merlot,,clsv8gx2n000tsmegznwxqvlw,Justin,WINE,cm0jtwmpt007rjs0d8ywxqs7p,5,cluoisbzt0005lb08tlohzmxo,Shelf 6,6,5,55,clsv8bvc70006smege3t2v1x8,Grant's Left Fridge,Home,fridge
cm0jtx6r6007tjs0dpypl7jav,25,9,110,2024-09-01,,false,,100,,cm0jttfrj0071js0do8lxuabg,Estate Cuvee,2016,GSM,,clt3zniud0000l608ldoun4d2,L’Aventure,WINE,cm0jty5vc0083js0dr3jblec2,1,cluoisfu90007lb081vhpa8ur,Shelf 7,7,5,55,clsv8bvc70006smege3t2v1x8,Grant's Left Fridge,Home,fridge
cm0jtxeud007vjs0d1n74u2q5,25,9,110,2024-09-01,,false,,100,,cm0jttsm00073js0dfc4h7lfh,Estate Cuvee,2018,GSM,,clt3zniud0000l608ldoun4d2,L’Aventure,WINE,cm0jty9sb0085js0d2o4xz270,2,cluoisfu90007lb081vhpa8ur,Shelf 7,7,5,55,clsv8bvc70006smege3t2v1x8,Grant's Left Fridge,Home,fridge
cm0jtxlds007xjs0dlf2aqdcg,25,9,100,2024-09-01,,false,,100,,cm0jtuh810075js0de5cu1xat,Cote a Cote,2018,GSM,,clt3zniud0000l608ldoun4d2,L’Aventure,WINE,cm0jtyeil0087js0dik33gxqf,3,cluoisfu90007lb081vhpa8ur,Shelf 7,7,5,55,clsv8bvc70006smege3t2v1x8,Grant's Left Fridge,Home,fridge
cm0jtxuev007zjs0duj8v6ce7,25,9,100,2024-09-01,,false,,100,,clwftuvc30015lc0dus4wnuhi,Cote a Cote,2017,GSM,,clt3zniud0000l608ldoun4d2,L’Aventure,WINE,cm0jtyinm0089js0d3s1nhjli,4,cluoisfu90007lb081vhpa8ur,Shelf 7,7,5,55,clsv8bvc70006smege3t2v1x8,Grant's Left Fridge,Home,fridge
cm0jty06b0081js0do46z8fsm,25,9,100,2024-09-01,,false,,100,,cm0jturuk0077js0dx8hbat97,Cote a Cote,2013,GSM,,clt3zniud0000l608ldoun4d2,L’Aventure,WINE,cm0jtymda008bjs0dq2uehz5r,5,cluoisfu90007lb081vhpa8ur,Shelf 7,7,5,55,clsv8bvc70006smege3t2v1x8,Grant's Left Fridge,Home,fridge
cm0ju2j5p008fjs0dt7s4dryx,25,9,0,2024-09-01,,true,2024-09-01,100,Gift,cm0ju2bi1008djs0dntvd6fws,Cabernet Sauvignon,2021,Cabernet Sauvignon,,cm0jrzhkw000bjs0dndbrasws,Austin Hope,WINE,,,,,,,,,,,
cm0jrhnci0005js0cn9kd1oau,25,9,55,2024-09-01,,true,2024-09-01,100,,cluo6fy4t0001k008h2wnu8lb,Warm Regards,2022,Red Blend,,clsv8gx2o000xsmeg8vem10y9,Levo,WINE,,,,,,,,,,,
cm0jt2br1003ojs0dj7u6yohd,25,9,200,2024-09-01,,true,2025-09-21,100,,cm0jt1ene003kjs0dryvli7v9,Lineage,2017,Bordeaux Blend,,cm0jt0kmj003ijs0doqemt6z9,Steven Kent,WINE,,,,,,,,,,,
cm1tg6quw000hl60c4205jt7i,25,9,44,2024-10-03,,false,,100,,cm1tg6do3000fl60cpwxgmi6b,Savant,2022,Red Blend,,clsv8gx2n000tsmegznwxqvlw,Justin,WINE,,,,,,,,,,,
cm1tg7ea5000jl60c7rqjqjqz,25,9,52,2024-10-03,,false,,100,,cm1tg5zx5000dl60cy8kjjg0y,Justification,2022,Red Blend,,clsv8gx2n000tsmegznwxqvlw,Justin,WINE,cm1tg8nq3000ll60cm2m9rrej,1,cluoisbzt0005lb08tlohzmxo,Shelf 6,6,5,55,clsv8bvc70006smege3t2v1x8,Grant's Left Fridge,Home,fridge
cm1tg9jll000pl60coulj5ipt,25,9,68,2024-10-03,,false,,100,,cm0jrmoud000mjs0cjtiigaqh,Isosceles,2021,Cab Sauv Cab Franc Merlot,,clsv8gx2n000tsmegznwxqvlw,Justin,WINE,cm1tgc7140003i60cwyjre97l,1,clt4jlm0c000el908pzqzln0b,Shelf 6,6,5,55,clsv8bvc80008smegu9f57vkh,Grant's Right Fridge,Home,fridge
cm23kamum000fia0ck3rks4dd,25,9,63.75,2024-10-01,,false,,100,,cm23k6uqo0001ia0cc6s24gid,Cabernet Sauvignon,2022,Cabernet Sauvignon,,clsv8gx2o000xsmeg8vem10y9,Levo,WINE,cm23las62001hia0c9ix8mcx7,1,clt4jl4ji0008l908cjgvn6wa,Shelf 3,3,7,55,clsv8bvc80008smegu9f57vkh,Grant's Right Fridge,Home,fridge
cm23kc7wj000nia0cfasp2vb6,25,9,55.25,2024-10-01,,false,,100,,cm23k7ioz0005ia0c5ya2lxh5,El Paso Robles,2022,Red Blend,,clsv8gx2o000xsmeg8vem10y9,Levo,WINE,cm23lczuv001pia0cn9nhewvh,1,clsv8eccy000hsmegjlvi7bi2,Shelf 2,2,7,55,clsv8bvc80008smegu9f57vkh,Grant's Right Fridge,Home,fridge
cm23kchu0000pia0c3raydlo6,25,9,55.25,2024-10-10,,false,,100,,cm23k7ioz0005ia0c5ya2lxh5,El Paso Robles,2022,Red Blend,,clsv8gx2o000xsmeg8vem10y9,Levo,WINE,,,,,,,,,,,
cm23kbfeo000jia0co684g389,25,9,63.75,2024-10-01,,false,,100,,cm23k730o0003ia0cqufskaiw,Red Blend,2022,Red Blend,,clsv8gx2o000xsmeg8vem10y9,Levo,WINE,cm23lazp7001lia0cx3rpxclw,1,clt4jl4ji0008l908cjgvn6wa,Shelf 3,3,7,55,clsv8bvc80008smegu9f57vkh,Grant's Right Fridge,Home,fridge
cm23kbrej000lia0cmdulw0lm,25,9,63.75,2024-10-01,,false,,100,,cm23k730o0003ia0cqufskaiw,Red Blend,2022,Red Blend,,clsv8gx2o000xsmeg8vem10y9,Levo,WINE,cm23lcv6r001nia0ctripou1n,1,clsv8eccy000hsmegjlvi7bi2,Shelf 2,2,7,55,clsv8bvc80008smegu9f57vkh,Grant's Right Fridge,Home,fridge
cm23kjdx7000ria0cll1srw0l,25,9,68,2024-09-26,,false,,100,,cm23k81i50007ia0c0qr31l4c,Optimus,2022,Red Blend,,clt3zniud0000l608ldoun4d2,L’Aventure,WINE,cm23l4jq90019ia0cz0g7rc89,1,clsv8eccx000fsmeg2zjpprvg,Shelf 1,,7,0,clsv8bvc80008smegu9f57vkh,Grant's Right Fridge,Home,fridge
cm23kkkk8000via0cicnib496,25,9,120,2024-09-26,,false,,100,,cm23k8hmz0009ia0cwmeneckn,Cote a Cote,2022,GSM,,clt3zniud0000l608ldoun4d2,L’Aventure,WINE,cm23ksyvr0015ia0c6u31x6uh,1,clsv8eccx000dsmegi1q89ibj,Shelf 2,,7,55,clsv8bvc70006smege3t2v1x8,Grant's Left Fridge,Home,fridge
cm23kl25t000xia0cbkssa3ms,25,9,130,2024-09-26,,false,,100,,cm23k8ws8000bia0c1u98osg9,Estate Reserve,2022,Red Blens,,clt3zniud0000l608ldoun4d2,L’Aventure,WINE,cm23kqefu0013ia0c3vu9zpq0,1,clt4jlqle000gl908nk0f1fcb,Shelf 7,7,5,55,clsv8bvc80008smegu9f57vkh,Grant's Right Fridge,Home,fridge
cm23kliol000zia0c29801yt0,25,9,130,2024-09-26,,false,,100,,cm23k8ws8000bia0c1u98osg9,Estate Reserve,2022,Red Blens,,clt3zniud0000l608ldoun4d2,L’Aventure,WINE,cm23kxh970017ia0c37p525vq,1,clsv8eccw000bsmegpapvvzst,Shelf 1,,7,55,clsv8bvc70006smege3t2v1x8,Grant's Left Fridge,Home,fridge
cm23kmb3q0011ia0cayrjsehc,25,9,126,2024-09-26,,false,,100,,cm23k9jbp000dia0ct3b9xba4,Cabernet Sauvignon Reserve,2022,Cabernet Sauvignon,,clt3zniud0000l608ldoun4d2,L’Aventure,WINE,cm23l8dj1001dia0cudwkiv17,1,clt4jl9q7000al908ctwdrx9k,Shelf 4,4,7,55,clsv8bvc80008smegu9f57vkh,Grant's Right Fridge,Home,fridge
cm1tg59r60009l60cecs5mvgp,25,9,32,2024-10-03,,true,2024-10-11,100,,cm1tg4zc70007l60cio2pinzo,Right Angle,2022,Red Blend,,clsv8gx2n000tsmegznwxqvlw,Justin,WINE,,,,,,,,,,,
cm1tg4fhm0003l60cobf7dqii,25,9,28,2024-10-03,,true,2024-10-16,100,,cm1tg3lkc0001l60ch7g7oi4m,Merlot,2022,Merlot,,clsv8gx2n000tsmegznwxqvlw,Justin,WINE,,,,,,,,,,,
cm23kjsuc000tia0cotcvxjrk,25,9,68,2024-09-26,,true,2024-10-18,100,,cm23k81i50007ia0c0qr31l4c,Optimus,2022,Red Blend,,clt3zniud0000l608ldoun4d2,L’Aventure,WINE,,,,,,,,,,,
cm1tg4ndx0005l60c0pwc6vo7,25,9,28,2024-10-03,,true,2024-11-06,100,,cm1tg3lkc0001l60ch7g7oi4m,Merlot,2022,Merlot,,clsv8gx2n000tsmegznwxqvlw,Justin,WINE,,,,,,,,,,,
cm1tg5jl7000bl60cu414fgqf,25,9,32,2024-10-03,,true,2025-01-06,100,,cm1tg4zc70007l60cio2pinzo,Right Angle,2022,Red Blend,,clsv8gx2n000tsmegznwxqvlw,Justin,WINE,,,,,,,,,,,
cm1tg928l000nl60c2uo249s8,25,9,52,2024-10-03,,true,2025-02-14,100,,cm1tg5zx5000dl60cy8kjjg0y,Justification,2022,Red Blend,,clsv8gx2n000tsmegznwxqvlw,Justin,WINE,,,,,,,,,,,
cm23kaz3y000hia0c39a0xqlt,25,9,63.75,2024-10-01,,true,2025-05-06,100,,cm23k6uqo0001ia0cc6s24gid,Cabernet Sauvignon,2022,Cabernet Sauvignon,,clsv8gx2o000xsmeg8vem10y9,Levo,WINE,,,,,,,,,,,

Stashes and Shelves:
stash_id,stash_name,stash_location,stash_type,shelf_id,shelf_name,shelf_order,shelf_capacity,shelf_temp
clsv8bvc70006smege3t2v1x8,Grant's Left Fridge,Home,fridge,clt3fzs210001l509f1sbo0rc,Shelf 3,3,6,55
clsv8bvc70006smege3t2v1x8,Grant's Left Fridge,Home,fridge,cluoisfu90007lb081vhpa8ur,Shelf 7,7,5,55
clsv8bvc70006smege3t2v1x8,Grant's Left Fridge,Home,fridge,cluoisbzt0005lb08tlohzmxo,Shelf 6,6,5,55
clsv8bvc70006smege3t2v1x8,Grant's Left Fridge,Home,fridge,cluois6330003lb082bln4upi,Shelf 5,5,7,55
clsv8bvc70006smege3t2v1x8,Grant's Left Fridge,Home,fridge,clsv8eccw000bsmegpapvvzst,Shelf 1,,7,55
clsv8bvc70006smege3t2v1x8,Grant's Left Fridge,Home,fridge,clsv8eccx000dsmegi1q89ibj,Shelf 2,,7,55
clsv8bvc70006smege3t2v1x8,Grant's Left Fridge,Home,fridge,cluoirdfe0001lb08yghk6kec,Shelf 4,4,7,55
clsv8bvc80008smegu9f57vkh,Grant's Right Fridge,Home,fridge,clt4jl4ji0008l908cjgvn6wa,Shelf 3,3,7,55
clsv8bvc80008smegu9f57vkh,Grant's Right Fridge,Home,fridge,clt4jl9q7000al908ctwdrx9k,Shelf 4,4,7,55
clsv8bvc80008smegu9f57vkh,Grant's Right Fridge,Home,fridge,clt4jlg7g000cl9086zsrl4np,Shelf 5,5,7,55
clsv8bvc80008smegu9f57vkh,Grant's Right Fridge,Home,fridge,clt4jlm0c000el908pzqzln0b,Shelf 6,6,5,55
clsv8bvc80008smegu9f57vkh,Grant's Right Fridge,Home,fridge,clt4jlqle000gl908nk0f1fcb,Shelf 7,7,5,55
clsv8bvc80008smegu9f57vkh,Grant's Right Fridge,Home,fridge,clsv8eccx000fsmeg2zjpprvg,Shelf 1,,7,0
clsv8bvc80008smegu9f57vkh,Grant's Right Fridge,Home,fridge,clsv8eccy000hsmegjlvi7bi2,Shelf 2,2,7,55
clt5zcoq80000jn08jgz078ag,Test third,Home,fridge,clt5zd5640002jn08yxfzxatp,1st Shelf,0,5,55
cm23lgfv1001via0cvqr8o82a,Box Overflow,Kitchen,box,cm23lgtlf001xia0c3tjaiwkg,One Shelf,0,20,70